1575;com.doubleclick.dartshell.component.adholder.AdHolder
1573;FacebookShim
1569;fl.video.Icon
1570;fl.video.FLVPlayback
1564;UpdateChallengeScore
1560;ChallengeSummaryPage
1538;VsPage
1519;FriendsPage
1481;NameBar
1468;ChallengeModeSelect
1459;ChallengeGameSelect
1442;PriceTagAnimation
1438;IphoneTagAnimation
1434;ScreenShots
1431;AchievementUnlockedPopupAnim
1430;AchievementUnlockedPopup
1427;EmailRequestPopupAnim
1416;YouGotMail
1412;NoAction
1409;ProPage
1365;pro_button6
1360;ProPage2
1357;TrialPay
1354;PaypalPaymentButton
1353;Paypal
1344;ProTickMark
1328;AchievementPopup
1323;AchieveIcons
1301;Switch1
1296;StatDotToolTip
1294;StatDot
1288;ButtonAchievements
1285;PlayMenu
1271;GameSelect
1267;GameSelectPractice
1266;StatsScene
1259;Chart
1258;ChartMovieClip
1235;AchievementScene
1232;AchievementContainer
1231;AchievementBox
1229;ProfileScene
1224;BestCategoryMedal
1223;BestVisual
1221;BestMem
1219;BestCalc
1217;BestAnalyze
1215;FriendsMedal
1214;Friends4
1212;Friends3
1208;Friends1
1206;PlaysMedal
1205;plays4
1203;plays3
1201;plays2
1199;plays1
1197;RankMedal
1196;Plus10
1194;top10
1192;Rank3
1190;Rank2
1188;Rank1
1184;ButtonBack
1180;MiniGameEntry
1170;WorldRankMedal
1167;World2
1165;World1
1155;BrainTypeSprite
1092;CarPathScene
1090;OverlayRestart
1085;ConfirmDialog
1083;InfoDialog
1080;UploadingScorePopUp
1079;HiscoreBoxLoading
1076;SwitchLayout0
1075;SwitchLayout3
1074;SwitchLayout5
1073;SwitchLayout4
1072;SwitchLayout2
1071;SwitchLayout6
1070;SwitchLayout7
1069;SwitchLayout8
1068;SwitchLayout9
1067;SwitchLayout1
1066;SwitchContainer
1062;Switch0
1056;Switch4
1053;Switch3
1048;Switch2
1042;MemorySequenceScene
1040;SequenceMatchScene
1033;HexagonButton
1032;HexagonPieces
1023;Hexagon10
1021;SignCard
1015;SymbolCard
1011;MathCombinationScene
1005;MathSequenceScene
1001;Shapes6
984;VersionBox
981;Shapes4
964;Shapes3
947;Shapes2
930;Shapes1
925;MinigameButton
923;Intermission
919;SummaryOKButton
912;MinigameMenuScene
911;MenuItem
907;Wrong
904;CubeShadow
902;Block4
900;Block1
898;MeteorScene
896;Shapes0
883;WeightScene
867;Scale3
866;Scale4
865;Item0
863;Correct
861;TabOverlay
859;WeightPanel
858;ShapeBoxSelection
857;ShapeBoxScale
856;CountDown
844;TutWeight
833;TutMemSequence
823;TutSequenceMatch
822;SequenceArrow
797;TutCarPath
790;RoadLong
788;RoadShort
786;TutShapeOrder
783;ShapeBoxOff
777;ShapeBox
773;TutCards
770;Card_blue
768;Card_green
766;TutCubes
765;Block3
763;Block2
761;AnimatedAnimal
760;TutPuzzle
756;TimesUp
751;CountdownTimer
742;CountdownTimerText
739;Intro
734;CubeLayout
732;brain_game_fla.9_288
728;brain_game_fla.8_287
724;brain_game_fla.7_286
720;brain_game_fla.6_285
716;brain_game_fla.5_284
712;brain_game_fla.4_283
708;brain_game_fla.3_282
705;brain_game_fla.2_281
701;brain_game_fla.1_280
697;brain_game_fla.0_279
692;CalculateScene
687;CalcErase
680;TutMissingSign
677;Sign
674;TutCalc
671;Calc5
667;Calc1
663;Calc0
659;Calc2
655;Calc3
651;Calc4
647;Calc6
643;Calc7
639;Calc8
635;Calc9
630;TutMathCombo
624;JigsawScene
620;ShapeScene
616;BgIdentify
614;BgCalculate
612;BgAnalyse
610;TutMeteor
608;Meteor4
603;Meteor5
597;Meteor1
593;Meteor2
589;Meteor3
586;JigsawPieces
570;HighScoreBg
545;JigsawPics
542;JigsawPic4
531;JigsawPic5
527;NetworkError
524;ResultScene
521;ResultSceneBubble
519;ResultScenePic
512;GameScene
506;Plus
502;Times
498;Divide
494;Minus
486;LoadGloatAnimation
483;Emotion0
479;Emotion1
477;Emotion2
473;Carddisappear
472;Cardback
470;Cardsfalling
469;Cardfront
467;Card_triangle
465;Card_circle
463;Card_square
461;Card_star
459;Card_dots
457;Card_grey
455;Card_red
453;Card_yellow
451;CardGameScene
449;GloatScene
448;FeedButton
447;brain_game_fla.feed_tip_3
432;ProOnly
421;ButtonContinue
412;InvitePopup
408;GloatConfirmation
405;GloatConfirmationFailed
400;FilmIcon
397;BgMemory
395;FrameGameShow
392;brain_game_fla.RequestPageShow_536
376;FriendIcon
340;SpeechTextBox1
334;brain_game_fla.ButtonInvite_517
330;ButtonAchivements
329;ButtonAchivementsClip
325;brain_game_fla.ButtonPlay_514
282;BgBrain
280;SummaryScene
262;BrainProfileColorLayer
259;IdentIcon
257;MemIcon
255;CalcIcon
253;AnaIcon
249;SummaryScenePractice
247;MinigameIcons
246;brain_game_fla.IconCarPath_74
241;brain_game_fla.IconMemSeq_72
235;brain_game_fla.IconSequenceMatch_76
230;brain_game_fla.IconSum_75
219;brain_game_fla.IconPuzzle_80
214;brain_game_fla.IconMeteor_84
208;brain_game_fla.IconWeight_83
203;brain_game_fla.IconCubes_77
197;brain_game_fla.IconSign_79
192;brain_game_fla.IconPattern_82
186;brain_game_fla.IconCards_81
181;brain_game_fla.IconShape_78
173;CardReady
170;HiscoreBox
141;HiscoreSmart500Tab
125;HiscoreEntry
122;FaceBox
102;AchievementsUnlocked
97;GoogleAdScene
95;SpeechTextBox2
92;ButtonOk
91;ButtonTickmark
84;brain_game_fla.ProfessorContainer_508
83;ProfessorSad
76;ProfessorHappy
68;ProfessorTalk
46;Shapes5
31;InviteIcon
27;EndUp
20;Car
10;ApplauseSound
9;ButtonMenu
8;ButtonInGame
7;IngameMusic
6;ScoreCountEndSound
5;ScoreCountSound
4;CrowdCheerSound
3;StartSound
2;ThemeMusic
1;TimerSound
0;com.playfish.games.whohasthebiggestbrain.Engine
1577;EndUpWrong
1576;EndUpCorrect
1578;LangButtonDown
